	OddRatio	p-value	depth	name	score
305	10.9375	0.13002727814520043	2	carcinoma	-1.0
0050771	44.5	0.053753860774547475	1	pheochromocytoma	-1.0
162	0.8154761904761905	1.0	1	cancer	-1.0
2583	44.5	0.053753860774547475	1	agammaglobulinemia	-1.0
684	22.125	0.07974963383018686	1	hepatocellular carcinoma	-1.0
