	OddRatio	p-value	depth	name	score
1040	59.333333333333336	0.04335555155226756	2	chronic lymphocytic leukemia	3.1383205204655673
