	OddRatio	p-value	depth	name	score
1240	7.95	0.2191528545119822	1	leukemia	-1.0
162	3.261904761904762	0.41970534069983856	1	cancer	-1.0
