	OddRatio	p-value	depth	name	score
9119	89.0	0.03278489466334798	1	acute myeloid leukemia	3.417787398224347
769	89.0	0.03278489466334798	1	neuroblastoma	3.417787398224347
