	OddRatio	p-value	depth	name	score
0060179	29.666666666666668	0.07404824179016757	1	Renpenning syndrome	-1.0
1059	4.805555555555555	0.23894452562409016	1	intellectual disability	-1.0
162	0.5436507936507936	1.0	1	cancer	-1.0
305	7.291666666666667	0.17629435402409868	2	carcinoma	-1.0
1289	14.75	0.10927466737425628	1	neurodegenerative disease	-1.0
0050954	29.666666666666668	0.07404824179016757	1	spinocerebellar ataxia type 1	-1.0
0060041	14.75	0.10927466737425628	1	autism spectrum disorder	-1.0
