	OddRatio	p-value	depth	name	score
12858	2.2987012987012987	0.4024999339706208	1	Huntington's disease	-1.0
1240	0.7056277056277056	1.0	1	leukemia	-1.0
162	2.272727272727273	0.17894343144137528	1	cancer	-1.0
0050886	8.272727272727273	0.17349042709862966	1	Troyer syndrome	-1.0
1520	8.272727272727273	0.17349042709862966	1	colon carcinoma	-1.0
305	4.090909090909091	0.2733246468823476	2	carcinoma	-1.0
1485	5.484848484848484	0.22487962334120112	2	cystic fibrosis	-1.0
0050851	16.636363636363637	0.11899529042384759	1	glomerulosclerosis	-1.0
