	OddRatio	p-value	depth	name	score
162	1.5909090909090908	0.6332724215276578	1	cancer	-1.0
219	18.2	0.09224835137486662	1	colon cancer	-1.0
1485	12.066666666666666	0.12137407272115633	2	cystic fibrosis	-1.0
1520	18.2	0.09224835137486662	1	colon carcinoma	-1.0
1240	1.5523809523809524	0.5271213526817143	1	leukemia	-1.0
