	OddRatio	p-value	depth	name	score
1289	15.166666666666666	0.10650623067264667	1	neurodegenerative disease	-1.0
0060179	30.5	0.07214108569853289	1	Renpenning syndrome	-1.0
0050954	30.5	0.07214108569853289	1	spinocerebellar ataxia type 1	-1.0
1059	4.944444444444445	0.23328931941847353	1	intellectual disability	-1.0
0060041	15.166666666666666	0.10650623067264667	1	autism spectrum disorder	-1.0
305	7.5	0.17197556591521165	2	carcinoma	-1.0
162	0.5303030303030303	1.0	1	cancer	-1.0
