	OddRatio	p-value	depth	name	score
8566	44.25	0.04890514641896022	1	herpes simplex	3.017872644297527
