	OddRatio	p-value	depth	name	score
162	3.1818181818181817	0.42632955536172684	1	cancer	-1.0
1240	7.761904761904762	0.22313281022953937	1	leukemia	-1.0
