	OddRatio	p-value	depth	name	score
11723	18.2	0.09224835137486662	1	Duchenne muscular dystrophy	-1.0
9883	36.6	0.06232247284877898	1	Becker muscular dystrophy	-1.0
162	0.6363636363636364	1.0	1	cancer	-1.0
6000	36.6	0.06232247284877898	1	congestive heart failure	-1.0
9884	5.933333333333334	0.20412097830942533	1	muscular dystrophy	-1.0
12930	36.6	0.06232247284877898	1	dilated cardiomyopathy	-1.0
