	OddRatio	p-value	depth	name	score
9119	91.5	0.03191305847852413	1	acute myeloid leukemia	3.4447399962613843
769	91.5	0.03191305847852413	1	neuroblastoma	3.4447399962613843
