	OddRatio	p-value	depth	name	score
10652	60.333333333333336	0.04266201685556634	1	Alzheimer's disease	3.1544462896170393
12377	91.0	0.0320836965998169	1	spinal muscular atrophy	3.4394072719547575
