	OddRatio	p-value	depth	name	score
2583	45.75	0.052347180006745285	1	agammaglobulinemia	-1.0
305	11.25	0.12673621874636415	2	carcinoma	-1.0
684	22.75	0.07768549070174839	1	hepatocellular carcinoma	-1.0
0050771	45.75	0.052347180006745285	1	pheochromocytoma	-1.0
162	0.7954545454545454	1.0	1	cancer	-1.0
