	OddRatio	p-value	depth	name	score
1307	91.5	0.03191305847852413	1	dementia	3.4447399962613843
