	OddRatio	p-value	depth	name	score
768	61.0	0.04221185572874751	2	retinoblastoma	3.165054155957313
