	OddRatio	p-value	depth	name	score
1240	7.95	0.2191528545119822	1	leukemia	-1.0
1059	28.833333333333332	0.07605893186003988	1	intellectual disability	-1.0
