	OddRatio	p-value	depth	name	score
10763	15.166666666666666	0.025758674489639238	1	hypertension	3.6589838352174424
