	OddRatio	p-value	depth	name	score
8566	45.5	0.047611765638319994	1	herpes simplex	3.0446753710124024
