	OddRatio	p-value	depth	name	score
1240	7.761904761904762	0.22313281022953937	1	leukemia	-1.0
1059	29.666666666666668	0.07404824179016495	1	intellectual disability	-1.0
