	OddRatio	p-value	depth	name	score
5419	23.466666666666665	0.011553224828924256	1	schizophrenia	4.4607906750175985
