	OddRatio	p-value	depth	name	score
1040	61.0	0.04221185572874751	2	chronic lymphocytic leukemia	3.165054155957313
