	OddRatio	p-value	depth	name	score
768	59.333333333333336	0.04335555155226756	2	retinoblastoma	3.1383205204655673
