	OddRatio	p-value	depth	name	score
5419	60.333333333333336	0.04266201685556634	1	schizophrenia	3.1544462896170393
