	OddRatio	p-value	depth	name	score
11723	11.375	0.13413856712689248	1	Duchenne muscular dystrophy	-1.0
12583	22.875	0.09132124352329316	1	velocardiofacial syndrome	-1.0
5419	7.541666666666667	0.17515305605248982	1	schizophrenia	-1.0
9884	3.7083333333333335	0.28803663323591266	1	muscular dystrophy	-1.0
11198	22.875	0.09132124352329316	1	DiGeorge syndrome	-1.0
1240	2.2176870748299318	0.29169584207620575	1	leukemia	-1.0
162	0.9090909090909091	1.0	1	cancer	-1.0
