	OddRatio	p-value	depth	go_descr	score
0016607	5.889636087646497	3.575197339993373e-05	3	nuclear speck	10.238905090349576
0032410	52.14921568627451	2.0643524916151937e-07	4	negative regulation of transporter activity	15.393279037099074
0016604	0.8347599296128708	3.575197339993373e-05	2	nuclear body	10.238905090349576
0035556	1.405082409952149	6.161622525699293e-06	3	intracellular signal transduction	11.997170418072647
0060090	29.08147419072616	1.4878610536582613e-06	2	molecular adaptor activity	13.418171003831198
0007165	2.9327509255018067	6.161622525699293e-06	2	signal transduction	11.997170418072647
0070064	78.6047290640394	6.647757189279647e-10	3	proline-rich region binding	21.131571396929225
0035329	38.7397938745038	6.161622525699293e-06	4	hippo signaling	11.997170418072647
0004842	7.3067063810287545	1.6306940732930085e-07	4	ubiquitin-protein transferase activity	15.62908991493558
