	OddRatio	p-value	depth	go_descr	score
0070411	257.11682242990656	5.194138062864236e-07	4	I-SMAD binding	14.470564956849582
0048185	113.73953488372094	0.0001952173796386567	3	activin binding	8.541396852914563
0007165	2.4906721185790954	5.913030567559661e-05	2	signal transduction	9.73576697859312
