	OddRatio	p-value	depth	go_descr	score
0008092	139.85714285714286	0.016136905274662484	3	cytoskeletal protein binding	4.126646377111261
0030182	69.85714285714286	0.024119567300816293	4	neuron differentiation	3.7247318467195427
0007050	69.85714285714286	0.024119567300816293	3	cell cycle arrest	3.7247318467195427
0003700	139.85714285714286	0.016136905274662484	2	DNA-binding transcription factor activity	4.126646377111261
