	OddRatio	p-value	depth	go_descr	score
0005911	13.569444444444445	0.021030553635086078	3	cell-cell junction	3.8617789636470476
0030054	3.979591836734694	0.021030553635086078	2	cell junction	3.8617789636470476
