	OddRatio	p-value	depth	name	score
0050886	131.13563829787233	0.00021761323953632802	1	Troyer syndrome	8.432791201375984
