	OddRatio	p-value	depth	name	score
10933	83.42657342657343	0.013476773172400671	1	obsessive-compulsive disorder	4.306787581055706
9256	11.8555	0.014344365014418516	2	colorectal cancer	4.244398095818297
3717	131.12087912087912	0.009004066820331752	2	gastric adenocarcinoma	4.710078934782186
1793	31.748	0.0022293241240892853	2	pancreatic cancer	6.10605682281719
4074	50.967948717948715	0.02125727478636418	1	pancreatic adenocarcinoma	3.851056099309941
