	OddRatio	p-value	depth	name	score
1793	31.748	0.0022293241240892853	2	pancreatic cancer	6.10605682281719
