	OddRatio	p-value	depth	go_descr	score
0003700	146.71428571428572	0.015391789304844899	2	DNA-binding transcription factor activity	4.173921073767023
0008092	146.71428571428572	0.015391789304844899	3	cytoskeletal protein binding	4.173921073767023
0030182	73.28571428571429	0.023009647801523352	4	neuron differentiation	3.7718416813743283
0007050	73.28571428571429	0.023009647801523352	3	cell cycle arrest	3.7718416813743283
