	OddRatio	p-value	depth	go_descr	score
0019905	89.0	0.02405927541425612	4	syntaxin binding	3.7272346846722972
0061178	89.0	0.02405927541425612	4	regulation of insulin secretion involved in cellular response to glucose stimulus	3.7272346846722972
