	OddRatio	p-value	depth	go_descr	score
0006955	60.411764705882355	0.03413688052917073	2	immune response	3.377376938691282
0010008	60.411764705882355	0.03413688052917073	4	endosome membrane	3.377376938691282
0032395	60.411764705882355	0.03413688052917073	4	MHC class II receptor activity	3.377376938691282
0030666	60.411764705882355	0.03413688052917073	4	endocytic vesicle membrane	3.377376938691282
0030658	60.411764705882355	0.03413688052917073	4	transport vesicle membrane	3.377376938691282
