	OddRatio	p-value	depth	go_descr	score
0001540	85.5	0.020172308927757288	4	amyloid-beta binding	3.9034444602033243
0008134	56.94444444444444	0.026818426987344036	3	transcription factor binding	3.6186660535815105
