	OddRatio	p-value	depth	go_descr	score
0016477	23.318181818181817	0.01019655650404001	3	cell migration	4.585705213333961
0070064	7.742424242424242	0.042633775271092876	3	proline-rich region binding	3.155108493104488
0003723	15.530303030303031	0.016531886167192048	4	RNA binding	4.102464267960515
0003713	7.742424242424242	0.042633775271092876	3	transcription coactivator activity	3.155108493104488
