	OddRatio	p-value	depth	go_descr	score
0042391	9.11111111111111	0.04176947777692578	3	regulation of membrane potential	3.1755894028991665
