	OddRatio	p-value	depth	go_descr	score
0017124	73.28571428571429	0.023009647801523352	4	SH3 domain binding	3.7718416813743283
0005096	36.57142857142857	0.038090800419897555	4	GTPase activator activity	3.26778248480069
