	OddRatio	p-value	depth	go_descr	score
0005096	28.444444444444443	0.0473398757833665	4	GTPase activator activity	3.0504022988252486
0005576	114.11111111111111	0.019184211161982108	2	extracellular region	3.9536676735649956
0043312	114.11111111111111	0.019184211161982108	4	neutrophil degranulation	3.9536676735649956
