	OddRatio	p-value	depth	go_descr	score
0035329	5.565217391304348	0.041699252698293165	4	hippo signaling	3.177272071242203
0007165	0.7271428571428571	0.041699252698293165	2	signal transduction	3.177272071242203
