	OddRatio	p-value	depth	go_descr	score
0061178	93.36363636363636	0.02295476419633294	4	regulation of insulin secretion involved in cellular response to glucose stimulus	3.7742297737652994
0019905	93.36363636363636	0.02295476419633294	4	syntaxin binding	3.7742297737652994
