	OddRatio	p-value	depth	go_descr	score
0007165	0.6928571428571428	0.04652326603743675	2	signal transduction	3.067802746628481
0035329	5.304347826086956	0.04652326603743675	4	hippo signaling	3.067802746628481
