	OddRatio	p-value	depth	go_descr	score
0005096	32.0	0.04272874255861663	4	GTPase activator activity	3.1528834573600317
0099173	128.375	0.017290744388127624	3	postsynapse organization	4.057583927112041
