	OddRatio	p-value	depth	go_descr	score
0061458	114.11111111111111	0.019184211161982108	4	reproductive system development	3.9536676735649956
0014069	28.444444444444443	0.0473398757833665	4	postsynaptic density	3.0504022988252486
