	OddRatio	p-value	depth	go_descr	score
0002218	48.904761904761905	0.04148531481231039	3	activation of innate immune response	3.182415774313016
0003677	48.904761904761905	0.04148531481231039	4	DNA binding	3.182415774313016
