	OddRatio	p-value	depth	go_descr	score
0003676	128.375	0.017290744388127624	3	nucleic acid binding	4.057583927112041
