	OddRatio	p-value	depth	go_descr	score
0098974	122.375	0.018126517195244007	4	postsynaptic actin cytoskeleton organization	4.010379374420854
0014069	40.708333333333336	0.0359603814488263	4	postsynaptic density	3.325337461848039
0043197	40.708333333333336	0.0359603814488263	3	dendritic spine	3.325337461848039
