	OddRatio	p-value	depth	go_descr	score
0001891	102.7	0.021072210755477588	2	phagocytic cup	3.859800132347592
0007015	102.7	0.021072210755477588	4	actin filament organization	3.859800132347592
