	OddRatio	p-value	depth	go_descr	score
0030054	4.1755102040816325	0.019280679053478002	2	cell junction	3.94865176980389
0005911	14.23611111111111	0.019280679053478002	3	cell-cell junction	3.94865176980389
