	OddRatio	p-value	depth	go_descr	score
0007165	1.885185185185185	0.04880047645821058	2	signal transduction	3.0200152026827762
0007166	4.706422018348624	0.04880047645821058	3	cell surface receptor signaling pathway	3.0200152026827762
0004842	4.775700934579439	0.047907209791792686	4	ubiquitin-protein transferase activity	3.038489268317941
