	OddRatio	p-value	depth	go_descr	score
0098974	128.375	0.017290744388127624	4	postsynaptic actin cytoskeleton organization	4.057583927112041
0043197	32.0	0.04272874255861663	3	dendritic spine	3.1528834573600317
0014069	32.0	0.04272874255861663	4	postsynaptic density	3.1528834573600317
