	OddRatio	p-value	depth	go_descr	score
0042391	8.684444444444445	0.045359260570871175	3	regulation of membrane potential	3.093140921043146
