	OddRatio	p-value	depth	go_descr	score
0014069	36.18518518518518	0.039855491018735256	4	postsynaptic density	3.222495091049294
0061458	108.77777777777777	0.020110099988793633	4	reproductive system development	3.906533103116768
