	OddRatio	p-value	depth	go_descr	score
0007015	97.9	0.02208767799081397	4	actin filament organization	3.8127353829278645
0001891	97.9	0.02208767799081397	2	phagocytic cup	3.8127353829278645
