	OddRatio	p-value	depth	go_descr	score
0002218	46.61904761904762	0.04345155842171592	3	activation of innate immune response	3.1361085609009174
0003677	46.61904761904762	0.04345155842171592	4	DNA binding	3.1361085609009174
