	OddRatio	p-value	depth	go_descr	score
0005096	27.11111111111111	0.049593264943529614	4	GTPase activator activity	3.003900241900041
0043312	108.77777777777777	0.020110099988793633	4	neutrophil degranulation	3.906533103116768
0005576	108.77777777777777	0.020110099988793633	2	extracellular region	3.906533103116768
