	OddRatio	p-value	depth	go_descr	score
0001540	81.5	0.021147342632696242	4	amyloid-beta binding	3.8562410252278485
0008134	54.27777777777778	0.028110725357865757	3	transcription factor binding	3.571604090132453
