	OddRatio	p-value	depth	go_descr	score
0016477	22.227272727272727	0.01114406264234264	3	cell migration	4.496848421348263
0070064	7.378787878787879	0.04635542197701631	3	proline-rich region binding	3.07141701480388
0003713	7.378787878787879	0.04635542197701631	3	transcription coactivator activity	3.07141701480388
0003723	14.803030303030303	0.018044557661752326	4	RNA binding	4.0149111542522675
