	OddRatio	p-value	depth	go_descr	score
0003676	122.375	0.018126517195244007	3	nucleic acid binding	4.010379374420854
