	OddRatio	p-value	depth	go_descr	score
0005096	30.5	0.04476886527319302	4	GTPase activator activity	3.106242352746405
0099173	122.375	0.018126517195244007	3	postsynapse organization	4.010379374420854
