	OddRatio	p-value	depth	go_descr	score
0017124	139.85714285714286	0.016136905274662484	4	SH3 domain binding	4.126646377111261
0005096	34.857142857142854	0.0399150485316947	4	GTPase activator activity	3.22100187000901
