	OddRatio	p-value	depth	name	score
12377	88.5	0.0329650092081071	1	spinal muscular atrophy	3.412308607087106
10652	58.666666666666664	0.043830570902399044	1	Alzheimer's disease	3.1274237392563937
