	OddRatio	p-value	depth	name	score
219	17.7	0.09467261274105071	1	colon cancer	-1.0
162	1.630952380952381	0.6292318500632739	1	cancer	-1.0
1240	1.59	0.5197953724173999	1	leukemia	-1.0
1485	11.733333333333333	0.12451857056275764	2	cystic fibrosis	-1.0
1520	17.7	0.09467261274105071	1	colon carcinoma	-1.0
