	OddRatio	p-value	depth	name	score
9883	35.6	0.06398354876615785	1	Becker muscular dystrophy	-1.0
11723	17.7	0.09467261274105071	1	Duchenne muscular dystrophy	-1.0
12930	35.6	0.06398354876615785	1	dilated cardiomyopathy	-1.0
6000	35.6	0.06398354876615785	1	congestive heart failure	-1.0
162	0.6523809523809524	1.0	1	cancer	-1.0
9884	5.766666666666667	0.20918257969876752	1	muscular dystrophy	-1.0
