	OddRatio	p-value	depth	name	score
1307	89.0	0.03278489466334798	1	dementia	3.417787398224347
