	OddRatio	p-value	depth	name	score
10763	14.75	0.027053906570133342	1	hypertension	3.609923863779613
